{"error":0,"error_msg":"","data":{"ctime":1640060037,"mtime":1672509654,"country":"VN","last_active_time":1672509871,"is_shopee_verified":true,"is_official_shop":false,"chat_disabled":false,"disable_make_offer":0,"cover":"e129fe967e129271f106d91f8cd57ffa","rating_normal":401,"rating_bad":393,"rating_good":14139,"description":"Tech Chất - đồ công nghệ chất\nTech Chất CAM KẾT\n✅ Hình ảnh sản phẩm giống 100% thực tế\n✅ Chất lượng 100% TỐT NHẤT\n✅ 100% Khách hàng hài lòng mới \"Tính Tiền\"\nChính sách HẬU MÃI đồ công nghệ hàng đầu Việt Nam:\n✅ 24h đổi trả miễn phí với bất kì lý do gì (Với các sản phẩm Case, ốp lưng)\n✅ 1 đổi 1 MIỄN PHÍ nếu sản phẩm hư hỏng do vận chuyển\n✅ 1 đổi 1 (NÓI KHÔNG VỚI SỬA CHỮA) nếu sản phẩm bị LỖI DO NHÀ SẢN XUẤT trong thời gian bảo hành\nLH: 0399180896","preparation_time":73210,"cancellation_rate":0,"followed":false,"vacation":false,"show_low_fulfillment_warning":false,"show_official_shop_label":false,"show_official_shop_label_in_title":false,"show_shopee_verified_label":true,"status":1,"cb_option":0,"has_decoration":true,"shop_location":"Hà Nội","rating_star":4.799572,"show_live_tab":true,"has_flash_sale":true,"userid":631950744,"shopid":631931159,"name":"Tech Chất","item_count":61,"follower_count":42480,"response_rate":100,"response_time":5342,"account":{"username":"techchat.vn","following_count":7,"portrait":"154afbeba0eeb27d4010a7e6bef579aa","is_seller":true,"phone_verified":true,"email_verified":true,"fbid":"","total_avg_star":4.799572,"hide_likes":1,"feed_account_info":{"can_post_feed":true},"status":1},"has_shopee_flash_sale":true,"has_in_shop_flash_sale":false,"has_brand_sale":false,"is_preferred_plus_seller":false,"show_new_arrival_items":true,"new_arrival_items_start_ts":1669996800,"priority_flash_sale_group":{"start_time":1672538400,"end_time":1672542000,"is_ongoing":false,"sessions":[{"flash_sale_type":0,"status":1,"is_ongoing":false,"start_time":1672538400,"end_time":1672542000,"promotion_id":130392361467904,"promotionid":130392361467904}],"items":[{"item_id":17525869168,"shop_id":631931159,"model_ids":[153178165228,161449907317,58566725432,153178165227,171023794673,171023794686,134743027004,171023794671,58566725434,171023794668,171023794672,171023794684,171023794685,134743027003,134743027002,171023794679,171023794669,171023794680,153178165230,58566725433,171023794682,171023794676,153178165222,58566725437,153178165224,153178165229,134743027001,153178165231,171023794677,171023794675,153178165232,171023794687,153178165226,161449907318,171023794683,153178165233,171023794670,58566725435,161449907319,171023794678,153178165223,171023794689,171023794688,153178165225],"promotion_id":130392361467904,"image":"df374846c9ddc32c2da1e83639db726e","raw_discount":49,"price_before_discount":5500000000,"flash_sale_type":0,"promo_overlay_image":"71361f596479e0dcfa352c4667be6249","promo_images":["df374846c9ddc32c2da1e83639db726e"],"start_time":1672538400,"end_time":1672542000,"discount":"49%","flash_cat_id":36,"reference_item_id":"","is_shop_official":false,"name":"Siêu kính cường lực KingKong xanh VẪN VỠ NHƯ THƯỜNG nhưng iPhone được bảo vệ vì CỨNG và DÀY FULL BOX CHÍNH HÃNG WKdesign","item_type":0,"is_shop_preferred":true,"promo_name":"SIÊU KÍNH CƯỜNG LỰC KINGKONG XANH VẪN VỠ NHƯ THƯỜNG NHƯNG IPHONE ĐƯỢC BẢO VỆ VÌ CỨNG VÀ DÀY FULL BOX CHÍNH HÃNG WKDESIGN","stock":22046,"hidden_price_display":"?9.000","voucher":{},"cat_label":0,"reminder_count":3,"itemid":17525869168,"shopid":631931159,"modelids":[153178165228,161449907317,58566725432,153178165227,171023794673,171023794686,134743027004,171023794671,58566725434,171023794668,171023794672,171023794684,171023794685,134743027003,134743027002,171023794679,171023794669,171023794680,153178165230,58566725433,171023794682,171023794676,153178165222,58566725437,153178165224,153178165229,134743027001,153178165231,171023794677,171023794675,153178165232,171023794687,153178165226,161449907318,171023794683,153178165233,171023794670,58566725435,161449907319,171023794678,153178165223,171023794689,171023794688,153178165225],"promotionid":130392361467904,"flash_catid":36}]},"visibility":0,"warning":10,"default_landing":"control","latest_item_ctime":1671962208,"has_join_membership":false,"ab_test_info":{"header_tabs_layout":"control","deep_discount_item_card":"default","item_card":"control","feeds_live_landing":"treatment","image_category":"top_products","remove_item_count_on_category_tab":"default","default_component_improvement":"top_products","deep_discount_enhancement":"default","new_default_scp":"treatment_2","default_landing":"control","two_tier_category":"default","two_tier_category_for_layoutc":"default","live_stream_auto_play":"treatment","dd_item_card_2":"control","tier_shop_category":"treatment_new_layout","product_one_per_row":"control","fashion_shop_improvement":"control"},"show_membership_tab":false,"show_video_entry":false,"video_entry_info":"","campaign_hot_deal_discount_min":10,"video_rn_jump_url":""},"version":"dcef2f727f4a338a993fe520bda6203d"}