{"error":0,"error_msg":"","data":{"ctime":1597403615,"mtime":1672477897,"country":"VN","last_active_time":1672477888,"is_shopee_verified":true,"is_official_shop":false,"chat_disabled":false,"disable_make_offer":1,"cover":"4d6c4bc58097a7f6ab566f029c47e7b7","rating_normal":2693,"rating_bad":612,"rating_good":265239,"description":" Chính Sách PAZZIN STORE : \n- Ảnh thật do shop tự chụp\n- Hỗ trợ đổi hàng toàn quốc nếu mặc không vừa size. \n- Hoàn tiền trong 7 ngày nếu sản phẩm không giống với mô tả.\n- Cam kết sản phẩm chính hãng, nếu phát hiện gian lận đền 100 lần giá trị đơn hàng.\nMọi thắc mắc của bạn là vấn đề của chúng tôi ","preparation_time":105480,"cancellation_rate":0,"followed":false,"buyer_rating":{},"vacation":false,"show_low_fulfillment_warning":false,"show_official_shop_label":false,"show_official_shop_label_in_title":false,"show_shopee_verified_label":true,"status":1,"cb_option":0,"has_decoration":true,"shop_location":"TP. Hồ Chí Minh","rating_star":4.94635,"show_live_tab":false,"has_flash_sale":true,"userid":296714335,"shopid":296694982,"name":"PAZZIN STORE","item_count":152,"follower_count":310748,"response_rate":100,"response_time":2696,"account":{"username":"aopolodep","following_count":7,"portrait":"cc3b2b62cf3e6c2cc21729d35ddc4450","is_seller":true,"phone_verified":true,"email_verified":true,"fbid":"","total_avg_star":4.94635,"feed_account_info":{"can_post_feed":true},"status":1},"has_shopee_flash_sale":true,"has_in_shop_flash_sale":false,"has_brand_sale":false,"is_preferred_plus_seller":true,"show_new_arrival_items":false,"new_arrival_items_start_ts":1669910400,"priority_flash_sale_group":{"start_time":1672495200,"end_time":1672506000,"is_ongoing":false,"sessions":[{"flash_sale_type":0,"status":1,"is_ongoing":false,"start_time":1672495200,"end_time":1672506000,"promotion_id":129471598493697,"promotionid":129471598493697}],"items":[{"item_id":3853953425,"shop_id":296694982,"model_ids":[41116305903,41116305901,41116305892,41116305894,41116305879,41116305895,41116305881,41116305872,41116305876,41116305880,23604656528,200684569379,23604656526,41116305873,200684569380,41116305902,23604656527,23604656533,41116305896,41116305884,41116305890,200684569381,41116305869,41116305883,41116305887,23604656529,41116305870,41116305897,23604656532,200684569382,41116305885,41116305875,41116305877,41116305900,23604656534,41116305878,41116305882,41116305898,23604656530,41116305889,200684569383,23604656531,41116305886,41116305871,41116305888,41116305891,41116305893,23604656525,41116305899,41116305874],"promotion_id":129471598493697,"image":"4bc317cd0ca6a6584f496d3297461301","raw_discount":50,"price_before_discount":19800000000,"flash_sale_type":0,"promo_overlay_image":"0fe394594b861063a0280bc74e26c8d4","promo_images":["4bc317cd0ca6a6584f496d3297461301"],"start_time":1672495200,"end_time":1672506000,"discount":"50%","flash_cat_id":36,"reference_item_id":"","is_shop_official":false,"name":"QUẦN SHORT KAKI NAM CO GIÃN CAO CẤP BẢNG MÀU PASTEL CỰC HOT","item_type":0,"is_shop_preferred":true,"promo_name":"QUẦN SHORT KAKI NAM CO GIÃN CAO CẤP BẢNG MÀU PASTEL CỰC HOT","stock":348576,"hidden_price_display":"?9.000","voucher":{},"cat_label":0,"reminder_count":0,"itemid":3853953425,"shopid":296694982,"modelids":[41116305903,41116305901,41116305892,41116305894,41116305879,41116305895,41116305881,41116305872,41116305876,41116305880,23604656528,200684569379,23604656526,41116305873,200684569380,41116305902,23604656527,23604656533,41116305896,41116305884,41116305890,200684569381,41116305869,41116305883,41116305887,23604656529,41116305870,41116305897,23604656532,200684569382,41116305885,41116305875,41116305877,41116305900,23604656534,41116305878,41116305882,41116305898,23604656530,41116305889,200684569383,23604656531,41116305886,41116305871,41116305888,41116305891,41116305893,23604656525,41116305899,41116305874],"promotionid":129471598493697,"flash_catid":36}]},"visibility":0,"warning":10,"default_landing":"control","has_join_membership":false,"ab_test_info":{"header_tabs_layout":"control","deep_discount_item_card":"default","item_card":"control","feeds_live_landing":"treatment","image_category":"top_products","remove_item_count_on_category_tab":"default","default_component_improvement":"top_products","deep_discount_enhancement":"default","new_default_scp":"treatment_2","default_landing":"control","two_tier_category":"default","two_tier_category_for_layoutc":"default","live_stream_auto_play":"treatment","dd_item_card_2":"control","tier_shop_category":"treatment_new_layout","product_one_per_row":"control","fashion_shop_improvement":"control"},"show_membership_tab":false,"show_video_entry":false,"video_entry_info":"","campaign_hot_deal_discount_min":10,"video_rn_jump_url":""},"version":"ee045ca49f498136a953e942f94cc07b"}