{"error":0,"error_msg":"","data":{"ctime":1567244905,"mtime":1672508735,"country":"VN","last_active_time":1672509625,"is_shopee_verified":false,"is_official_shop":true,"chat_disabled":false,"disable_make_offer":1,"cover":"c896ed04945d607bec5ac27f207d1374","rating_normal":312,"rating_bad":42,"rating_good":50940,"description":"FASVIN - GIAN HÀNG CHÍNH HÃNG - CỬA HÀNG ONLINE - SHOPEE VIỆT NAM \n\n Gần 30 năm kinh nghiệm, Fasvin quần áo thể thao Việt Nam tự hào được nhiều người tiêu dùng biết tới và tin dùng với hàng trăm ngàn sản phẩm được bán ra mỗi năm.\n  Đến với Fasvin bạn sẽ được bảo hành chất lượng sản phẩm 12 tháng và đổi trả dễ dàng.","preparation_time":83852,"cancellation_rate":0,"followed":false,"buyer_rating":{"rating_count":[0,0,0,0,0,1],"rating_star":5},"vacation":false,"show_low_fulfillment_warning":false,"show_official_shop_label":true,"show_official_shop_label_in_title":true,"show_shopee_verified_label":false,"status":1,"cb_option":0,"has_decoration":true,"shop_location":"Hà Nội","rating_star":4.955063,"show_live_tab":false,"has_flash_sale":true,"userid":174607829,"shopid":174605355,"name":"FASVIN Quần Áo Thể Thao","item_count":292,"follower_count":221167,"response_rate":100,"response_time":2081,"account":{"username":"fasvin","following_count":19,"portrait":"9727906c204ba6fa6b13dd10dc2554f6","is_seller":true,"phone_verified":true,"email_verified":true,"fbid":"","total_avg_star":4.955064,"hide_likes":0,"feed_account_info":{"can_post_feed":true},"status":1},"has_shopee_flash_sale":true,"has_in_shop_flash_sale":false,"has_brand_sale":false,"is_preferred_plus_seller":false,"show_new_arrival_items":true,"new_arrival_items_start_ts":1669996800,"priority_flash_sale_group":{"start_time":1672538400,"end_time":1672542000,"is_ongoing":false,"sessions":[{"flash_sale_type":0,"status":1,"is_ongoing":false,"start_time":1672538400,"end_time":1672542000,"promotion_id":130392361467904,"promotionid":130392361467904}],"items":[{"item_id":3562547927,"shop_id":174605355,"model_ids":[140242319197,150029378062,145481774001,145481774007,94568301086,145481774017,133114075655,133114075658,94568301090,150029378060,145481774016,94568301104,133114075657,145481774010,132100145761,145481771997,145481774013,145481771994,145481774015,145481774012,145481774014,133114075654,145481774011,145481771995,145481774006,94568301099,145481771999,94568301106,145481771996,140242319199,145481774000,140242319200,145481774005,132100145760,145481774008,145481771998,145481774018,145481774003,145481774009,140242319198,145481774002,94568301084,94568301101,133114075656,140242319196,94568301094,145481774004],"promotion_id":130392361467904,"image":"sg-11134201-22120-grioyxjskglvb7","raw_discount":40,"price_before_discount":29800000000,"flash_sale_type":0,"promo_overlay_image":"5615ef8d7a0fafb99475e8369b943f57","promo_images":["d576266e99e3222d7039d53d06d2f1a7"],"start_time":1672538400,"end_time":1672542000,"discount":"40%","flash_cat_id":2,"reference_item_id":"","is_shop_official":true,"name":"Quần Jogger Nam Thể Thao Fasvin Bo Gấu Dáng Đẹp Vải Gió Co Giãn Tiện Dụng Đũi Chơi Hay Mặc Nhà DC20424.HN","item_type":0,"is_shop_preferred":false,"promo_name":"QUẦN JOGGER NAM THỂ THAO FASVIN BO GẤU DÁNG ĐẸP VẢI GIÓ CO GIÃN TIỆN DỤNG ĐŨI CHƠI HAY MẶC NHÀ DC20424.HN","stock":1899,"hidden_price_display":"1?9.000","voucher":{"min_spend":9900000000,"discount_percentage":0,"discount_value":500000000,"voucher_code":"FASVIN05K","reward_type":0,"promotion_id":526484263550976,"end_time":1680281946,"promotionid":526484263550976},"cat_label":0,"reminder_count":3,"itemid":3562547927,"shopid":174605355,"modelids":[140242319197,150029378062,145481774001,145481774007,94568301086,145481774017,133114075655,133114075658,94568301090,150029378060,145481774016,94568301104,133114075657,145481774010,132100145761,145481771997,145481774013,145481771994,145481774015,145481774012,145481774014,133114075654,145481774011,145481771995,145481774006,94568301099,145481771999,94568301106,145481771996,140242319199,145481774000,140242319200,145481774005,132100145760,145481774008,145481771998,145481774018,145481774003,145481774009,140242319198,145481774002,94568301084,94568301101,133114075656,140242319196,94568301094,145481774004],"promotionid":130392361467904,"flash_catid":2}]},"visibility":0,"warning":10,"default_landing":"control","latest_item_ctime":1672135274,"has_join_membership":false,"ab_test_info":{"header_tabs_layout":"control","deep_discount_item_card":"default","item_card":"control","feeds_live_landing":"treatment","image_category":"top_products","remove_item_count_on_category_tab":"default","default_component_improvement":"top_products","deep_discount_enhancement":"default","new_default_scp":"treatment_2","default_landing":"control","two_tier_category":"default","two_tier_category_for_layoutc":"default","live_stream_auto_play":"treatment","dd_item_card_2":"control","tier_shop_category":"treatment_new_layout","product_one_per_row":"control","fashion_shop_improvement":"control"},"show_membership_tab":true,"show_video_entry":false,"video_entry_info":"","campaign_hot_deal_discount_min":10,"video_rn_jump_url":""},"version":"48d00f3fb3f89a0582e31f07e1329091"}