{"error":0,"error_msg":"","data":{"ctime":1561376878,"mtime":1672491495,"country":"VN","last_active_time":1672507131,"is_shopee_verified":true,"is_official_shop":false,"chat_disabled":false,"cover":"c4552e7de56a47738c559578cbec296f","rating_normal":102,"rating_bad":44,"rating_good":3142,"description":"\n* Shop còn có gói HOÀN XU XTRA:\nHoàn 20% Shopee Xu tối đa 50k/đơn hàng.\nHoàn 15% tối đa 100k cho đơn hàng từ 300k\n","is_semi_inactive":false,"preparation_time":57038,"cancellation_rate":1,"followed":false,"buyer_rating":{"rating_count":[0,0,0,0,0,3],"rating_star":5},"vacation":false,"show_low_fulfillment_warning":false,"show_official_shop_label":false,"show_official_shop_label_in_title":false,"show_shopee_verified_label":true,"status":1,"cb_option":0,"has_decoration":true,"shop_location":"Hà Nội","rating_star":4.822504,"show_live_tab":false,"has_flash_sale":true,"userid":157718742,"shopid":157716753,"name":"vinhquang01","item_count":678,"follower_count":16610,"response_rate":98,"response_time":4509,"account":{"username":"vinhquang01","following_count":37,"portrait":"ae721f5179d18bd4c3f3a121029c9d17","is_seller":true,"phone_verified":true,"email_verified":true,"fbid":"","total_avg_star":4.822673,"hide_likes":1,"feed_account_info":{"can_post_feed":true},"status":1},"has_shopee_flash_sale":false,"has_in_shop_flash_sale":true,"has_brand_sale":false,"is_preferred_plus_seller":false,"show_new_arrival_items":true,"new_arrival_items_start_ts":1669996800,"priority_flash_sale_group":{"start_time":1672538400,"end_time":1672542000,"is_ongoing":false,"sessions":[{"flash_sale_type":2,"status":1,"is_ongoing":false,"start_time":1672538400,"end_time":1672542000,"promotion_id":695221755385585,"promotionid":695221755385585}],"items":[{"item_id":5507425180,"shop_id":157716753,"model_ids":[12016277846,12016277854,10102168835,10102168837,12016277843,12016277840,12016277849,10102168852,10102168831,10102168829,12016277850,12016277851,12016277853,10102168856,12016277842,11743969007,12016277845,12016277848,12016277839,12016277852,10102168855,12016277847,12016277856,12016277844],"promotion_id":695221755385585,"image":"21ea85ebeac0382cb9816210ac6059c6","raw_discount":48,"price_before_discount":21000000000,"flash_sale_type":2,"promo_overlay_image":"f2bb382f163c6f7f2fc5298fb373de0c","start_time":1672538400,"end_time":1672542000,"discount":"48%","reference_item_id":"","is_shop_official":false,"name":"Bộ áo Lông Cừu mềm mại ấm áp cho Bé và Mẹ [Clip tự quay]","item_type":0,"is_shop_preferred":true,"stock":14205,"hidden_price_display":"?9.000","voucher":{},"reminder_count":0,"itemid":5507425180,"shopid":157716753,"modelids":[12016277846,12016277854,10102168835,10102168837,12016277843,12016277840,12016277849,10102168852,10102168831,10102168829,12016277850,12016277851,12016277853,10102168856,12016277842,11743969007,12016277845,12016277848,12016277839,12016277852,10102168855,12016277847,12016277856,12016277844],"promotionid":695221755385585}]},"visibility":0,"warning":10,"default_landing":"control","latest_item_ctime":1672222844,"has_join_membership":false,"ab_test_info":{"header_tabs_layout":"control","deep_discount_item_card":"default","item_card":"component_3","feeds_live_landing":"treatment","image_category":"top_products","remove_item_count_on_category_tab":"default","default_component_improvement":"top_products","deep_discount_enhancement":"default","new_default_scp":"treatment_2","default_landing":"control","two_tier_category":"default","two_tier_category_for_layoutc":"default","live_stream_auto_play":"treatment","dd_item_card_2":"control","tier_shop_category":"treatment_new_layout","product_one_per_row":"control","fashion_shop_improvement":"control"},"show_membership_tab":false,"show_video_entry":false,"video_entry_info":"","campaign_hot_deal_discount_min":10,"video_rn_jump_url":""},"version":"c1f9e6f571a46a644139c63c8338b7d2"}