{"error":0,"error_msg":"","data":{"ctime":1604579286,"mtime":1672477944,"country":"VN","last_active_time":1672478191,"is_shopee_verified":true,"is_official_shop":false,"chat_disabled":false,"cover":"e8b2fe84d36ed774b83e8b6626eab719","rating_normal":289,"rating_bad":53,"rating_good":63438,"description":"SÓC STORE VIET NAM \nMũ bảo hiểm chính hãng và hơn thế nữa.\n------\nWebsite: www.socstore.com.vn\nFacebook: facebook.com/socstore.vietnam\nHotline: 037.658.2311\n\n","is_semi_inactive":false,"preparation_time":61541,"cancellation_rate":0,"followed":false,"buyer_rating":{},"vacation":false,"show_low_fulfillment_warning":false,"show_official_shop_label":false,"show_official_shop_label_in_title":false,"show_shopee_verified_label":true,"status":1,"cb_option":0,"has_decoration":true,"shop_location":"Hà Nội","rating_star":4.958014,"show_live_tab":true,"has_flash_sale":true,"userid":333004618,"shopid":332985043,"name":"SÓC STORE Vietnam","item_count":89,"follower_count":151607,"response_rate":100,"response_time":6464,"account":{"username":"socstorevietnam","following_count":1,"portrait":"9be47a852bbc0aee997bf3edc891e881","is_seller":true,"phone_verified":true,"email_verified":true,"fbid":"","total_avg_star":4.958014,"feed_account_info":{"can_post_feed":true},"status":1},"has_shopee_flash_sale":true,"has_in_shop_flash_sale":true,"has_brand_sale":false,"is_preferred_plus_seller":true,"show_new_arrival_items":true,"new_arrival_items_start_ts":1669910400,"priority_flash_sale_group":{"start_time":1672488000,"end_time":1672495200,"is_ongoing":false,"sessions":[{"flash_sale_type":0,"status":1,"is_ongoing":false,"start_time":1672488000,"end_time":1672495200,"promotion_id":129471546064896,"promotionid":129471546064896}],"items":[{"item_id":9344735430,"shop_id":332985043,"model_ids":[91536852965,91536852972,91536852971,91536852982,91536852977,91536852963,91536852974,91536852966,91536852964,91536852961,91536852969,91536852968,91536852987,91536852959,91536852973,91536852976,91536852978,91536852967,91536852984,91536852980,91536852962,91536852960,91536852970,91536852981,91536852958,91536852975,91536852979],"promotion_id":129471546064896,"image":"c5fc94ef9647eea1cf33061e6a242d7d","raw_discount":44,"price_before_discount":25000000000,"flash_sale_type":0,"promo_overlay_image":"71361f596479e0dcfa352c4667be6249","promo_images":["ab1391a00233485321bbd44ca3bb8174"],"start_time":1672488000,"end_time":1672495200,"discount":"44%","flash_cat_id":36,"reference_item_id":"","is_shop_official":false,"name":"Mũ bảo hiểm 3/4 nhiều màu Sóc Store, nón bảo hiểm 3/4 nam nữ freesize","item_type":0,"is_shop_preferred":true,"promo_name":"[MÃ ALLSKAM2311M GIẢM 15% ĐƠN 299K] MŨ BẢO HIỂM 3/4 NHIỀU MÀU SÓC STORE, NÓN BẢO HIỂM 3/4 NAM NỮ FREESIZE","stock":8890,"hidden_price_display":"1?0.000","voucher":{"min_spend":0,"discount_percentage":0,"discount_value":200000000,"voucher_code":"SOCSNEW1","reward_type":0,"promotion_id":528458993074176,"end_time":1675184376,"promotionid":528458993074176},"cat_label":0,"reminder_count":2,"itemid":9344735430,"shopid":332985043,"modelids":[91536852965,91536852972,91536852971,91536852982,91536852977,91536852963,91536852974,91536852966,91536852964,91536852961,91536852969,91536852968,91536852987,91536852959,91536852973,91536852976,91536852978,91536852967,91536852984,91536852980,91536852962,91536852960,91536852970,91536852981,91536852958,91536852975,91536852979],"promotionid":129471546064896,"flash_catid":36}]},"visibility":0,"warning":10,"default_landing":"control","latest_item_ctime":1671961206,"has_join_membership":false,"ab_test_info":{"header_tabs_layout":"control","deep_discount_item_card":"default","item_card":"control","feeds_live_landing":"treatment","image_category":"top_products","remove_item_count_on_category_tab":"default","default_component_improvement":"top_products","deep_discount_enhancement":"default","new_default_scp":"treatment_2","default_landing":"control","two_tier_category":"default","two_tier_category_for_layoutc":"default","live_stream_auto_play":"treatment","dd_item_card_2":"control","tier_shop_category":"treatment_new_layout","product_one_per_row":"control","fashion_shop_improvement":"control"},"show_membership_tab":false,"show_video_entry":false,"video_entry_info":"","campaign_hot_deal_discount_min":10,"video_rn_jump_url":""},"version":"033e1ee7d3c79ad9dca526f39e91fa3c"}